﻿<?xml version="1.0" encoding="utf-8"?>
<resources>
  <res name="ApplicationTitle">Free File Format Apps</res>
  <res name="ApplicationTitle2">Convert your Word, PDF and Excel documents online from anywhere</res>
  <res name="ConversionPageTitle">Convert your {0} document to {1} format</res>
  <res name="ConversionFeatureTitle">{0} to {1}</res>
  <res name="HomePageTitle">Home</res>
  <res name="DownloadFileLinkTitle">Download your file</res>
  <res name="EmailTitle">Download File</res>
  <res name="btnTryitNow">Try it NOW</res>
  <res name="ConvertoPDF">PDF</res>
  <res name="ConvertoHTML">HTML</res>
  <res name="ConvertoEPUB">EPUB</res>
  <res name="ConvertoBMP">BMP</res>
  <res name="ConvertoJPG">JPG</res>
  <res name="ConvertoEMF">EMF</res>
  <res name="ConvertoTiff">TIFF</res>
  <res name="FileConvertedSuccessMessage">Your file has been converted successfully, please check your email to download converted file</res>
  <res name="InvalidFileExtension">Invalid file, please upload a file with extension</res>
  <res name="btnConvertNow">CONVERT NOW</res>
  <res name="ConvertoXPS">XPS</res>
  <res name="ConvertoSVG">SVG</res>
  <res name="ConvertoExcel">Excel</res>
  <res name="ConvertoTex">Tex</res>
  <res name="ConvertoWord">Word</res>
  <res name="ConvertoDOC">DOC</res>
  <res name="ConvertoOdp">ODP</res>
  <res name="ConvertoPST">PST</res>
  <res name="ConvertoOST">OST</res>
  <res name="ConvertoPPTX">PPTX</res>
  <res name="ConvertoEML">EML</res>
  <res name="ConvertoMSG">MSG</res>
  <res name="ConvertoMIMEMSG">MIME MSG</res>
  <res name="ConvertoMHT">MHT</res>
  <res name="PageNotFound">404 Page not found</res>
  <res name="BrokenLinkTitle">The link you followed probably broken or the page has been moved</res>
  <res name="btnBackHome">Back to Home</res>
  <res name="ConvertoPDFA1">PDF/A-1a</res>
  <res name="ConvertoPDFA1B">PDF/A-1b</res>
  <res name="ConvertoPDF15">PDF 15</res>
  <res name="ConvertoImage">Image</res>
  <res name="WordtoConverter">Word to PDF Conversion</res>
  <res name="SaveAs">Save as</res>
  <res name="DropOrUploadFile">Drop or upload your file</res>
  <res name="FileConvertedSuccessMessage1">Your file has been converted successfully</res>
  <res name="DownLoadNow">DOWNLOAD NOW</res>
  <res name="SendDownloadLink">Send the download link to</res>
  <res name="WordtoImageConverter">Word to Image Conversion</res>
  <res name="ConvertoHTMLPageTitle">Word to HTML Conversion</res>
  <res name="ConverEMLToMHTPageTitle">EML to MHT Conversion</res>
  <res name="ConverEMLToMSGPageTitle">EML to MSG Conversion</res>
  <res name="XPSToPdfPageTitle">XPS to PDF Conversion</res>
  <res name="SVGToPdfPageTitle">SVG to PDF Conversion</res>
  <res name="EPUBToPdfPageTitle">EPUB to PDF Conversion</res>
  <res name="ConverMIMEMSGToEMLPageTitle">MIME MSG to EML Conversion</res>
  <res name="ConvertoOutlookOSTPageTitle">Outlook OST to PST Conversion</res>
  <res name="PdfToDocPageTitle">PDF to Word Conversion</res>
  <res name="PdftoImageConverter">PDF to Image Conversion</res>
  <res name="PdfToPPTXPageTitle">PDF to PPTX Conversion</res>
  <res name="PdfToTexPageTitle">PDF to Tex Conversion</res>
  <res name="PdfToExcelPageTitle">PDF to Excel Conversion</res>
  <res name="PowerpointToHtmlConverter">PowerPoint to HTML Conversion</res>
  <res name="PowerpointToImageConverter">PowerPoint to Image Conversion</res>
  <res name="PowerpointToOdpConverter">PowerPoint to ODP Conversion</res>
  <res name="PowerpointToPDFConverter">PowerPoint to PDF Conversion</res>
  <res name="ExcelToHtmlConverter">Excel to HTML Conversion</res>
  <res name="ExcelToImageConverter">Excel to Image Conversion</res>
  <res name="ExcelToPDFConverter">Excel to PDF Conversion</res>
  <res name="ValidateEmailMessage">Please Enter Valid Email ID</res>
  <res name="SelectorDropFileMessage">Drop or upload your file</res>

  <res name="AsposeWords">Aspose.Words</res>
  <res name="AsposeCells">Aspose.Cells</res>
  <res name="AsposeEmail">Aspose.Email</res>
  <res name="AsposePdf">Aspose.Pdf</res>
  <res name="AsposeSlides">Aspose.Slides</res>


  <res name="PowerPointTitle">PowerPoint</res>
  <res name="ConvertAnotherFile">Convert another file</res>
  <res name="DOCConversionTitle">DOC Conversion</res>
  <res name="PDFConversionTitle">PDF Conversion</res>
  <res name="SpreadsheetConversionTitle">Spreadsheet Conversion</res>
  <res name="PresentationConversionTitle">Presentation Conversion</res>
  <res name="EmailConversionTitle">More Products</res>

  <res name="AsposeWordsDescription">Convert Word documents to PDF, HTML, Open Office, image and other formats</res>
  <res name="AsposeCellsDescription">Convert Excel worksheets to PDF, HTML, Open Office and other supported formats</res>
  <res name="AsposePDFDescription">Convert PDF to Word, PowerPoint, image and other formats</res>
  <res name="AsposeSlidesDescription">Convert PowerPoint presentations to PDF, Open Office, image and other formats</res>
  <res name="AsposeEmailDescription">Convert email messages (EML, MSG) and mailboxes from OST to PST format</res>

  <res name="Feature1">Fast and Easy Conversion</res>
  <res name="Feature1Description">Upload your document, choose the save format type and click on “Convert” button. You will get the download link as soon as the file is converted</res>
  <res name="Feature2">Convert from Anywhere</res>
  <res name="Feature2Description">It works from all platforms including Windows, Mac, Android and iOS. All files are processed on our servers. No plugin or software installation required for you</res>
  <res name="Feature3">Conversion Quality</res>
  <res name="PoweredBy">Powered by</res>
  <res name="Feature3Description">. All files are processed using Aspose APIs, which are being used by many Fortune 100 companies across 114 countries</res>
  <res name="Conversionh4">Conversion</res>
  <res name="DOCXExtension">DOCX</res>
  <res name="SendEmailToDownloadLink">Download link sent successfully, please check your email.</res>
  <res name="Words">words</res>
  <res name="Cells">cells</res>
  <res name="Slides">slides</res>
  <res name="PDF">pdf</res>
  <res name="Email">email</res>

  <res name="SupportedDocuments">Supported documents: {0}</res>
  <res name="SaveAsDescription">Save as: {0}</res>
  <res name="ConversionCategory">conversion</res>


  <res name="AsposeProductFamilyInclude">{0} Product Family Includes</res>
  <res name="AsposeProductFor"></res>

  <res name="WordsPageMainTitle">Free Word Document Apps</res>
  <res name="WordsPageSubHeading">Convert, Add Watermark or View your Word documents online from anywhere</res>
  <res name="WordsConversionDesc">Convert your Word documents to PDF and other file formats in seconds</res>

  <res name="CellsPageMainTitle">Online Excel Worksheet Apps</res>
  <res name="CellsPageSubHeading">Convert, Add Watermark or View your Excel worksheets online from anywhere</res>
  <res name="CellsConversionDesc">Convert your Excel worksheets to PDF, HTML and other formats from any OS and browser</res>

  <res name="PDFPageMainTitle">Free Online PDF Web Apps</res>
  <res name="PDFPageSubHeading">Convert, Add Watermark, Add Annotation or View your PDF files online from anywhere</res>
  <res name="PDFConversionDesc">Convert your PDF files to Word, XPS, PPTX and plenty of other formats</res>

  <res name="SlidesPageMainTitle">Free PowerPoint Presentation Apps</res>
  <res name="SlidesPageSubHeading">Convert or View your PowerPoint presentations online from anywhere</res>
  <res name="SlidesConversionDesc">Convert your PowerPoint presentations to PDF, Open Office and other formats</res>

  <res name="EmailPageMainTitle">Free Online Email Apps</res>
  <res name="EmailPageSubHeading">Convert or View your emails and mailboxes online from anywhere</res>
  <res name="EmailConversionDesc">Convert your emails and mailboxes from one format to another with our free web apps</res>
  <res name="ProductFamily">Product Family</res>

  <res name="Viewerh4">Viewer</res>
  <res name="btnViewNow">VIEW NOW</res>
  <res name="ViewerPageTitle">View your {0} online from anywhere</res>
  <res name="ViewerFeature1">Quick and Easy Viewer</res>
  <res name="ViewerFeature1Description">Upload your document and you will be redirected to the {0} Viewer app with great user experience and many more features.</res>
  <res name="ViewerFeature2">View from Anywhere</res>
  <res name="ViewerFeature2Description">It works from all platforms including Windows, Mac, Android and iOS. All files are processed on our servers. No plugin or software installation required for you</res>
  <res name="ViewerFeature3">Viewer Quality</res>
  <res name="ConvertoSlide">Slides</res>
  <res name="ViewerFeature3Description">. All files are processed using Aspose APIs, which are being used by many Fortune 100 companies across 114 countries</res>
  <res name="ProductFeature4">View your {0} as an image representation</res>
  <res name="ViewerFeatureTitle">View your {0} online from anywhere</res>
  <res name="WordsViewerDesc">View your Documents online from anywhere</res>
  <res name="WordViewerLink1">Document Viewer</res>
  <res name="CellsViewerDesc">View your Spreadsheets online from anywhere</res>
  <res name="CellsViewerLink1">Spreadsheet Viewer</res>
  <res name="PdfViewerDesc">View your PDF file online from anywhere</res>
  <res name="PdfViewerLink1">PDF Viewer</res>
  <res name="SlidesViewerDesc">View your PowerPoint file online from anywhere</res>
  <res name="SlidesViewerLink1">PowerPoint Viewer</res>
  <res name="EmailViewerDesc">View your Emails online from anywhere</res>
  <res name="EmailViewerLink1">Email Viewer</res>
  <res name="TasksViewerDesc">View your Project files online from anywhere</res>
  <res name="TasksViewerLink1">Project Viewer</res>
  <res name="DiagramsViewerDesc">View your Visio files online from anywhere</res>
  <res name="DiagramsViewerLink1">Visio Viewer</res>
  <res name="NotesViewerDesc">View your OneNote files online from anywhere</res>
  <res name="NotesViewerLink1">OneNote Viewer</res>
  <res name="3DViewerDesc">View your 3D file online from anywhere</res>
  <res name="3DViewerLink1">3D Viewer</res>
  <res name="CadViewerDesc">View your AutoCAD file online from anywhere</res>
  <res name="CadViewerLink1">AutoCAD Viewer</res>
  <res name="HtmlViewerDesc">View your HTML file online from anywhere</res>
  <res name="HtmlViewerLink1">HTML Viewer</res>
  <res name="EpsViewerDesc">View your PostScript file online from anywhere</res>
  <res name="EpsViewerLink1">PostScript Viewer</res>
  <res name="PSDViewerDesc">View your Photoshop files online from anywhere</res>
  <res name="PSDViewerLink1">Photoshop Viewer</res>

  <res name="wordsValidFileExtensions">DOC, DOCX, DOT, DOTX, RTF or ODT</res>
  <res name="cellsValidFileExtensions">XLS, XLSX or ODS</res>
  <res name="slidesValidFileExtensions">PPT, PPTX, ODP</res>
  <res name="pdfValidFileExtensions">PDF</res>
  <res name="wordsDocTitle">document</res>
  <res name="cellsDocTitle">workbook</res>
  <res name="slidesDocTitle">presentation</res>
  <res name="pdfDocTitle">document</res>
  <res name="wordsProdTitle">Word</res>
  <res name="cellsProdTitle">Excel</res>
  <res name="slidesProdTitle">PowerPoint</res>
  <res name="pdfProdTitle">PDF</res>
  <res name="wordsValidationExpression">.doc|.docx|.dot|.dotx|.rtf|.odt</res>
  <res name="cellsValidationExpression">.xls|.xlsx|.ods</res>
  <res name="slidesValidationExpression">.ppt|.pptx|.odp</res>
  <res name="pdfValidationExpression">.pdf</res>


  <res name="WordsMetadataDesc">View and edit your Word and OpenOffice document's metadata properties</res>
  <res name="CellsMetadataDesc">View and edit your Excel and OpenOffice worksheet's metadata properties</res>
  <res name="SlidesMetadataDesc">View and edit your PowerPoint and OpenOffice presentation's metadata properties</res>
  <res name="PdfMetadataDesc">View and edit your PDF's metadata properties</res>
  <res name="Supported">Supported</res>
  <res name="Documents"> documents</res>
  <res name="FileSelectMessage">Please select a file to upload</res>
  <res name="APIResponseTime">API response timeout</res>
  <res name="Cancel">Cancel</res>
  <res name="Document">document</res>
  <res name="DropAFile">Drop or upload your file</res>
  <res name="UploadAnother">Upload another file</res>
  <res name="SendTo">Send the download link to</res>
  <res name="FindAndEdit">View and edit meta information in</res>
  <res name="FastTitleMetadata">Fast and Easy Metadata</res>
  <res name="FastDescMetadata">Upload your document, update the Metadata and click on "Save" button. You will get the download link as soon as the file is saved</res>
  <res name="AnywhereTitleMetadata">View from Anywhere</res>
  <res name="AnywhereDescMetadata">It works from all platforms including Windows, Mac, Android and iOS. All files are processed on our servers. No plugin or software installation required by you</res>
  <res name="QualityTitleMetadata">Metadata Quality</res>
  <res name="QualityDescMetadata">All files are processed using Aspose APIs, which are being used by many Fortune 100 companies across 114 countries</res>
  <res name="btnViewMetadata">View Metadata</res>
  <res name="MetadataSavedTitle">Metadata has been saved successfully</res>
  <res name="MetadataSuccessMessage">Metadata has been saved successfully, please check your email to download updated file</res>

  <res name="btnAddWatermark">{0} Watermark</res>
  <res name="WatermarkAddedSuccessMessage">Watermark added successfully</res>
  <res name="WatermarkRemovedSuccessMessage">Watermark removed successfully</res>
  <res name="AddWatermkinAnotherFile">{0} Watermark in another file</res>
  <res name="Watermarkh4">Watermark</res>
  <res name="WordsWatermarkDesc">Add Watermark in Word documents online from anywhere</res>
  <res name="AddWatermark">add-watermark</res>
  <res name="AddWatermarkURL">add</res>
  <res name="RemoveWatermarkURL">remove</res>
  <res name="AddWatermarkintablecellURL">add-watermark-in-table-cell</res>
  <res name="AddWatermarkPageTitle">Add Watermark</res>
  <res name="AddWatermarkSubPageTitle">Add Watermark to your Word document</res>
  <res name="RemoveWatermarkPageTitle">Remove Watermark</res>
  <res name="RemoveWatermarkSubPageTitle">Remove Watermark from your Word document</res>
  <res name="AddWatermarkinTableCellPageTitle">Add Watermark in Table Cell</res>
  <res name="AddWatermarkinTableCellPageSubTitle">Add Watermark in Table Cell of your word document</res>
  <res name="WatermarkFeature1">Fast and Easy {0}</res>
  <res name="WatermarkAddText">Add</res>
  <res name="WatermarkRemoveText">Remove</res>
  <res name="AddWatermarkFeature1Description">Upload your file, enter watermark text and click on “Add Watermark” button. You will get the download link as soon as the watermark text is added.</res>
  <res name="RemoveWatermarkFeature1Description">Upload your file and click on “Remove Watermark” button. You will get the download link as soon as the watermark is removed.</res>
  <res name="AddWatermarkinTableCellFeature1Description">Upload your file, enter watermark text and click on “Add Watermark” button. You will get the download link as soon as the watermark text is added in table cell.</res>
  <res name="AddWatermarktoChartPageTitle">Add Watermark to Chart</res>
  <res name="AddWatermarktoChartSubPageTitle">Add Watermark to Chart of your Excel Worksheet</res>
  <res name="ExcelWatermarkDesc">Add Watermark in your worksheets online from anywhere</res>
  <res name="AddWatermarkToChartURL">add-in-chart</res>
  <res name="AddWatermarkToWorksheetURL">add</res>
  <res name="AddWatermarkTextPlaceholder">Add Watermark Text</res>
  <res name="AddWatermarktoWorksheetPageTitle">Add Watermark</res>
  <res name="AddWatermarktoWorksheetSubPageTitle">Add Watermark to Worksheet of your Excel Worksheet</res>

  <res name="PdfWatermarkDesc">Add Text Stamp in your PDF documents online from anywhere</res>
  <res name="AddTextStampURL">add</res>
  <res name="AddTextStamptoPDFPageTitle">Add Text Stamp</res>
  <res name="AddTextStamptoPDFSubPageTitle">Add Text Stamp to your PDF document</res>
  <res name="ConvertoPNG">PNG</res>
  <res name="ExcelToXPSConverter">Excel to XPS Conversion</res>
  <res name="WatermarkFeature2">{0} Watermark from Anywhere</res>
  <res name="WatermarkFeature3">Watermark Quality</res>
  <res name="WatermarkTextMessage">Please enter watermark text</res>

  <res name="ReverseSearch">Reverse search</res>
  <res name="ReverseSearchDesc">Find similar images on a web site</res>
  <res name="ReverseSearchInputTextMessage">Please enter web site URL or Image Search Id</res>
  <res name="btnReverseSearchStart">Start</res>
  <res name="ReverseSearch4">Reverse image search</res>
  <res name="FastEasyReverseSearchHeader">Fast and Easy Reverse Image Search</res>
  <res name="FastEasyReverseSearchDescription">Upload your file, input image lookup Web site Url or lookup search context identifier to reuse and click on “Start” button.</res>
  <res name="AnywhereReverseSearchHeader">Perform Reverse Image Search from Anywhere</res>
  <res name="QualityReverseSearchHeader">Reverse Image Search Quality</res>
  <res name="ReverseSearchStartPageTitle">Reverse Image Search</res>
  <res name="ReverseSearchStartSubPageTitle">Search images on selected web site</res>
  <res name="ReverseSearchUrlOrIdTextPlaceholder">Input image lookup Web site Url or lookup search context identifier to reuse</res>
  <res name="ReverseSearchSupportedImages">Supported images: {0}</res>
  <res name="ReverseSearchValidationExpression">.jpg|.jpeg|.gif|.png|.j2k|.bmp|.tiff|.emf|.wmf</res>
  <res name="ReverseSearchNewImage">Search new image</res>
  <res name="ReverseSearchProcessingImages">Processing images on web site</res>
  <res name="ReverseSearchInProgress">is in progress</res>
  <res name="ReverseSearchSaveId">Please, save the Image search Id</res>
  <res name="ReverseSearchUseId">and use it for access to image search page then image search will be created</res>
  <res name="ReverseSearchSendNotification">Send the Image search is ready notification</res>
  <res name="ReverseSearchFileName">File name:</res>
  <res name="ReverseSearchImagesNotFound">Images not found</res>
  <res name="ReverseSearchOnSite">on {0}</res>
  <res name="ReverseSearchResult">result</res>
  <res name="ReverseSearchResults">results</res>
  <res name="DontSaveImagesDisclaimer">We do not save your search images</res>
  <res name="ReverseSearchSearchingImages">Searching images on web site</res>

  <res name="Annotationh4">Annotation</res>
  <res name="PdfAnnotationkDesc">Add Annotation Text in your PDF documents online from anywhere</res>
  <res name="AddTextAnnotationURL">add-text</res>
  <res name="DeleteAllAnnotationsURL">remove-text</res>
  <res name="EnterContentseMessage">Please enter contents</res>
  <res name="AnnotationAddedSuccessMessage">Annotation Text added successfully</res>
  <res name="RemoveAnnotationSubPageTitle">Remove Annotations from your PDF document</res>
  <res name="btnAddAnnotation">{0} Annotation</res>
  <res name="AnnotationTitle">Title</res>
  <res name="AnnotationSubject">Subject</res>
  <res name="AnnotationContents">Contents</res>
  <res name="AddAnnotationAnotherFile">Add Annotation Text in another file</res>
  <res name="RemoveAnnotationlnk">Remove Annotation from another file</res>
  <res name="AnnotationRemovedSuccessMessage">Annotation removed successfully</res>
  <res name="AnnotationFeature2">{0} Annotation from Anywhere</res>
  <res name="AddAnnotationPageTitle">Add Annotation Text</res>
  <res name="RemoveAnnotationPageTitle">Remove Annotation</res>
  <res name="AddAnnotationSubPageTitle">Add Annotation text to your PDF document</res>
  <res name="AddAnnotationFeature1Description">Upload your PDF document, enter title, subject, contents and click on “Add Annotation” button. You will get the download link as soon as the annotation is added.</res>

  <res name="DeleteAllAnnotationsPageTitle">Remove All Annotations</res>
  <res name="DeleteAllAnnotationsSubPageTitle">Remove All Annotations from your PDF document</res>
  <res name="RemoveAnnotationFeature1Description">Upload your document and click on “Remove Annotation” button. You will get the download link as soon as the annotations are removed.</res>
  <res name="AnnotationFeature3">Annotation Quality</res>


  <res name="editor">Editor</res>
  <res name="to">to</res>
  <res name="format">format</res>
  <res name="convert">Convert</res>
  <res name="other">other</res>

  <res name="emailDocTitle">file</res>
  <res name="tasksDocTitle">file</res>
  <res name="imagingDocTitle">file</res>
  <res name="htmlDocTitle">file</res>
  <res name="diagramDocTitle">file</res>
  <res name="noteDocTitle">file</res>
  <res name="3dDocTitle">file</res>
  <res name="cadDocTitle">file</res>
  <res name="gisDocTitle">file</res>
  <res name="epsDocTitle">file</res>
  <res name="psdDocTitle">file</res>
  <res name="xpsDocTitle">file</res>

  <res name="xpsTitle">XPS</res>
  <res name="svgTitle">SVG</res>
  <res name="epubTitle">EPUB</res>
  <res name="wordTitle">Word</res>
  <res name="pdfTitle">PDF</res>
  <res name="wotherTitle">WOther</res>
  <res name="cotherTitle">COther</res>
  <res name="excelTitle">Excel</res>
  <res name="cellTitle">Excel</res>
  <res name="taskTitle">Microsoft Project®</res>
  <res name="powerpointTitle">PowerPoint</res>
  <res name="slideTitle">PowerPoint</res>
  <res name="htmlTitle">HTML</res>
  <res name="epsTitle">PostScript</res>
  <res name="psdTitle">PSD</res>
  <res name="bmpTitle">BMP</res>
  <res name="jpgTitle">JPG</res>
  <res name="tiffTitle">TIFF</res>
  <res name="odpTitle">ODP</res>
  <res name="odtTitle">ODT</res>
  <res name="odsTitle">ODS</res>
  <res name="imageTitle">Image</res>
  <res name="emailTitle">Email</res>
  <res name="msgTitle">MSG</res>
  <res name="emlTitle">EML</res>
  <res name="mhtTitle">MHT</res>
  <res name="texTitle">TEX</res>
  <res name="projectTitle">Project</res>
  <res name="visioTitle">Visio</res>
  <res name="onenoteTitle">OneNote</res>
  <res name="noteTitle">OneNote</res>
  <res name="photoshopTitle">Photoshop</res>
  <res name="rasterTitle">Raster</res>
  <res name="metafileTitle">Metafile</res>
  <res name="markdownTitle">Markdown</res>
  <res name="mhtmlTitle">MHTML</res>
  <res name="primaveraTitle">Primavera</res>
  <res name="textTitle">Text</res>
  
  <res name="3dTitle">3D</res>
  <res name="autodeskTitle">Autodesk</res>
  <res name="wavefrontTitle">Wavefront</res>
  <res name="3dstudioTitle">3D Studio</res>
  <res name="dracoTitle">Draco</res>
  <res name="autocadTitle">AutoCAD</res>
  <res name="cadTitle">AutoCAD</res>
  <res name="gisTitle">GIS</res>
  <res name="googleearthTitle">Google Earth</res>
  <res name="geojsonTitle">GeoJSON</res>
  <res name="esrishapefileTitle">ESRI Shapefile</res>
  <res name="postscriptTitle">PostScript</res>
  <res name="pstTitle">PST</res>
  <res name="ostTitle">OST</res>
  <res name="mboxTitle">MBOX</res>
  
  <res name="wordSaveAsExtensions">DOC, DOCX</res>
  <res name="excelSaveAsExtensions">XLSX</res>
  <res name="powerpointSaveAsExtensions">PPTX</res>
  <res name="pdfSaveAsExtensions">PDF, PDFA_1A, PDFA_1B, PDF_15</res>
  <res name="imageSaveAsExtensions">JPG, PNG, SVG, BMP, TIFF</res>
  <res name="htmlSaveAsExtensions">HTML</res>
  <res name="epubSaveAsExtensions">EPUB</res>
  <res name="wotherSaveAsExtensions">BMP, DOC, DOCX, HTML, JPG, ODT, PDF, PNG, PS, RTF, SVG, TIFF, TXT, XPS</res>
  <res name="cotherSaveAsExtensions">BMP, HTML, JPG, ODS, PDF, PNG, SVG, TIFF, XPS</res>
  <res name="msgSaveAsExtensions">MSG</res>
  <res name="emlSaveAsExtensions">EML</res>
  <res name="mhtSaveAsExtensions">MHT</res>
  <res name="odpSaveAsExtensions">ODP</res>
  <res name="odtSaveAsExtensions">ODT</res>
  <res name="odsSaveAsExtensions">ODS</res>
  <res name="xpsSaveAsExtensions">XPS</res>
  <res name="texSaveAsExtensions">TEX</res>
  <res name="photoshopSaveAsExtensions">PSD</res>
  <res name="rasterSaveAsExtensions">JPG, GIF, PNG, BMP, TIFF</res>
  <res name="markdownSaveAsExtensions">MD</res>
  <res name="xhtmlSaveAsExtensions">XHTML</res>
  <res name="mhtmlSaveAsExtensions">MHTML</res>
  <res name="primaveraSaveAsExtensions">XML, XER</res>
  <res name="textSaveAsExtensions">TXT</res>
  <res name="autodeskSaveAsExtensions">FBX</res>
  <res name="wavefrontSaveAsExtensions">OBJ</res>
  <res name="3dstudioSaveAsExtensions">3DS</res>
  <res name="dracoSaveAsExtensions">DRC</res>
  <res name="googleearthSaveAsExtensions">KML</res>
  <res name="geojsonSaveAsExtensions">JSON, GEOJSON</res>
  <res name="esrishapefileSaveAsExtensions">SHX</res>  
  <res name="pstSaveAsExtensions">PST</res>
  <res name="ostSaveAsExtensions">OST</res>
  <res name="mboxSaveAsExtensions">MBOX</res>  
  
  <res name="autodeskTopdfSaveAsExtensions">PDF</res>
  <res name="epsTopdfSaveAsExtensions">PDF</res>
  <res name="noteTopdfSaveAsExtensions">PDF</res>
  <res name="imagingTopdfSaveAsExtensions">PDF</res>
  <res name="htmlTopdfSaveAsExtensions">PDF</res>
  <res name="autodeskToimageSaveAsExtensions">JPG, GIF, PNG, BMP, TIFF</res>
  <res name="noteToimageSaveAsExtensions">JPG, PNG, BMP, TIFF</res>
  <res name="htmlToimageSaveAsExtensions">JPG, PNG, BMP, TIFF</res>

  <res name="imagingValidationExpression">.jpg|.j2k|.bmp|.tiff|.tif|.gif|.png|.emf|.wmf|.psd|.webp|.svg|.dicom|.djvu|.dng|.odg|.eps</res>

  <res name="emailValidationExpression">.eml|.msg</res>
  <res name="emlValidationExpression">.eml</res>
  <res name="msgValidationExpression">.msg</res>
  <res name="pstValidationExpression">.pst</res>
  <res name="ostValidationExpression">.ost</res>
  <res name="mboxValidationExpression">.mbox</res>
  
  <res name="htmlValidationExpression">.html|.xhtml|.mhtml|.epub|.svg</res>
  <res name="tasksValidationExpression">.mpp|.xml</res>
  <res name="diagramValidationExpression">.vsd|.vsdx|.vsx|.vtx|.vdx|.vssx|.vstx|.vsdm|.vssm|.vstm</res>
  <res name="noteValidationExpression">.one</res>
  <res name="3dValidationExpression">.fbx|.stl. obj|.3ds|.gltf|.drc|.rvm|.pdf|.x|.jt|.dxf|.ply|.3mf|.ase</res>
  <res name="cadValidationExpression">.dwg|.dxf|.dwf|.ifc|.stl</res>
  <res name="gisValidationExpression">.gpx|.shx|.json|.kml</res>
  <res name="epsValidationExpression">.ps|.eps</res>
  <res name="psdValidationExpression">.psd|.psb</res>
  <res name="xpsValidationExpression">.txt</res>

  <res name="AsposeImaging">Aspose.Imaging</res>
  <res name="ImagingPageMainTitle">Free Online Imaging Apps</res>
  <res name="ImagingPageSubHeading">Convert, Add Watermark or View your Image files online from anywhere</res>
  <res name="ImagingConversionDesc">Convert your Image files to Photoshop, Raster and other formats</res>

  <res name="AsposeHtml">Aspose.HTML</res>
  <res name="HtmlPageMainTitle">Free Online HTML Apps</res>
  <res name="HtmlPageSubHeading">Convert or View your HTML files online from anywhere</res>
  <res name="HtmlConversionDesc">Convert your HTML files to PDF, Image and other formats</res>

  <res name="AsposeTasks">Aspose.Tasks</res>
  <res name="TasksPageMainTitle">Free Online Tasks Apps</res>
  <res name="TasksPageSubHeading">Convert or View your Microsoft Project files online from anywhere</res>
  <res name="TasksConversionDesc">Convert your Microsoft Project files to Primavera, PDF and other formats</res>

  <res name="AsposeDiagram">Aspose.Diagram</res>
  <res name="DiagramPageMainTitle">Free Online Diagram Apps</res>
  <res name="DiagramPageSubHeading">Convert or View your Microsoft Visio files online from anywhere</res>
  <res name="DiagramConversionDesc">Convert your Microsoft Visio files to PDF, Image and other formats</res>

  <res name="AsposeNote">Aspose.Note</res>
  <res name="NotePageMainTitle">Free Online Note Apps</res>
  <res name="NotePageSubHeading">Convert or View your Microsoft OneNote files online from anywhere</res>
  <res name="NoteConversionDesc">Convert your Microsoft OneNote files to PDF, Image and other formats</res>

  <res name="Aspose3D">Aspose.3D</res>
  <res name="Aspose3d">Aspose.3D</res>
  <res name="3dPageMainTitle">Free Online 3D Apps</res>
  <res name="3dPageSubHeading">Convert or View your 3D files online from anywhere</res>
  <res name="3dConversionDesc">Convert your 3D files to Autodesk, Draco and other formats</res>

  <res name="AsposeCad">Aspose.CAD</res>
  <res name="CadPageMainTitle">Free Online AutoCAD Apps</res>
  <res name="CadPageSubHeading">Convert or View your AutoCAD files online from anywhere</res>
  <res name="CadConversionDesc">Convert your AutoCAD files to PDF, Image and other formats</res>

  <res name="AsposeGis">Aspose.GIS</res>
  <res name="GisPageMainTitle">Free Online GIS Apps</res>
  <res name="GisPageSubHeading">Convert or View your GIS files online from anywhere</res>
  <res name="GisConversionDesc">Convert your GIS files to Google Earth, GeoJSON and other formats</res>

  <res name="AsposeXps">Aspose.XPS</res>
  <res name="XpsPageMainTitle">Free Online XPS Apps</res>
  <res name="XpsPageSubHeading">Convert your XPS files online from anywhere</res>
  <res name="XpsConversionDesc">Convert your Text files to XPS format</res>

  <res name="AsposeEps">Aspose.EPS</res>
  <res name="EpsPageMainTitle">Free Online EPS Apps</res>
  <res name="EpsPageSubHeading">Convert or View your PostScript files online from anywhere</res>
  <res name="EpsConversionDesc">Convert your PostScript files to PDF format</res>

  <res name="AsposePsd">Aspose.PSD</res>
  <res name="AsposePSD">Aspose.PSD</res>
  <res name="PSDPageMainTitle">Free Online PSD Apps</res>
  <res name="PSDPageSubHeading">Convert or View your PSD files online from anywhere</res>
  <res name="PSDConversionDesc">Convert your PSD files to image formats</res>

  <res name="EncodeTypePDF417">PDF 417</res>
  <res name="EncodeTypeDataMatrix">Data Matrix</res>
  <res name="EncodeTypeAztec">Aztec</res>
  <res name="EncodeTypeQR">QR</res>
  <res name="EncodeTypeCode39Standard">Code 39 Standard</res>
  <res name="EncodeTypeCode128">Code 128</res>
  <res name="EncodeTypeEAN8">EAN-8</res>
  <res name="EncodeTypeEAN13">EAN-13</res>
  <res name="EncodeTypeEAN14">EAN-14</res>
  <res name="EncodeTypeISSN">ISSN</res>
  <res name="EncodeTypeISMN">ISMN</res>
  <res name="EncodeTypePharmacode">Pharmacode</res>
  <res name="EncodeTypePostnet">Postnet</res>
  <res name="EncodeTypeUPCA">UPC-A</res>
  <res name="EncodeTypeUPCE">UPC-E</res>
  <res name="ChooseBarCodeEncodeType">Encode Type</res>
  <res name="btnRead">Recognize Barcode</res>
  <res name="AsposeBarCode">Aspose.BarCode</res>
  <res name="ReadBarCodeTitle">Recognize Barcode</res>
  <res name="ReadBarCodeSubPageTitle">Recognize Barcode from your image</res>
  <res name="RecognizeBarCodeh4">Recognize Barcode</res>
  <res name="DropOrUploadImage">Drop or upload your file</res>
  <res name="ReadBarCodeFeatue1">Read Barcode from an image</res>
  <res name="ReadBarCodeFeatue2">Easily read Barcode in 2 simple steps</res>
  <res name="ReocnizeBarCodeFeature1">Fast and Easy Recognize</res>
  <res name="ReocnizeBarCodeFeature1Description">Upload your image, choose the encode type and click on “Recognize Barcode” button. You will get the Barcode text as soon as the Barcode is recogized</res>
  <res name="ReocnizeBarCodeFeature2">Recognize from Anywhere</res>
  <res name="BarCodeRecognizeSuccessMessage">Your barcode has been recognized successfully</res>
  <res name="ReocnizeBarCodeFeature3">Recognize Quality</res>
  <res name="RecognizeAnotherBarCode">Recognize another barcode</res>
  <res name="BarCodePageSubHeading">Recognize or Generate your Barcode online from anywhere</res>
  <res name="BarCodePageMainTitle">Free Barcode Apps</res>
  <res name="Recognize">Recognize</res>
  <res name="GenerateTitle">Generate</res>
  <res name="GenerateBarCodeTitle">Generate Barcode</res>
  <res name="GenerateBarCodeSubPageTitle">Generate Barcode from contents</res>
  <res name="GenerateBarCodeFeature1">Fast and Easy Generate</res>
  <res name="GenerateBarCodeFeature1Description">Enter contents, choose the encode type and click on “Generate” button. You will get the Barcode as soon as the Barcode is generated</res>
  <res name="GenerateBarCodeFeature2">Generate from Anywhere</res>
  <res name="GenerateBarCodeFeature3">Generate Quality</res>
  <res name="GenerateBarCodeFeatue1">Generate Barcode from content</res>
  <res name="GenerateBarCodeFeatue2">Easily generate Barcode in 2 simple steps</res>
  <res name="EnterBarCodeContent">Enter Barcode Data</res>
  <res name="BarCodeGenerateSuccessMessage">Your barcode has been generated successfully</res>
  <res name="GenerateAnotherBarCode">Generate another barcode</res>
  <res name="404">404</res>
  <res name="HomePage">Home Page</res>
  <res name="EnterNumericData">Please enter data as numeric value</res>

  <res name="ImagingWatermarkDesc">Add Watermark to image online from anywhere</res>
  <res name="AddWatermarktoImageSubPageTitle">Add Watermark to your image</res>
  <res name="AdddiagonalWatermarkURL">add-diagonal</res>
  <res name="AddWatermarktoImageURL">add</res>
  <res name="AddDiagnolWatermakPageTitle">Add Diagonal Watermark</res>
  <res name="AddDiagnolWatermarktoImageSubPageTitle">Add Diagonal Watermark to your image</res>

  <res name="ocrValidationExpression">.jpg|.bmp|.tiff|.gif|.png|.emf|.svg|.eps</res>
  <res name="PerformOCR">Perform OCR</res>
  <res name="AsposeOCR">Aspose.OCR</res>
  <res name="OCRPageSubHeading">Perform OCR for English, French, Spanish and Portuguese languages in your application</res>
  <res name="OCRPageMainTitle">Free Online OCR Apps</res>
  <res name="PerformingOCRonanImage">Performing OCR on an Image</res>
  <res name="PerformOCROperationonaMultipageTIFF">Perform OCR Operation on a Multipage TIFF</res>
  <res name="ExtractingTextfromaRecognitionBlock">Extracting Text from a Recognition Block</res>
  <res name="PerformingOCRonanImageURL">image-to-text</res>
  <res name="PerformOCROperationonaMultipageTIFFURL">tiff-to-text</res>
  <res name="ExtractingTextfromaRecognitionBlockURL">image-to-text-zonal</res>

  <res name="PerformOCRFeature1">Fast and Easy Perform OCR</res>
  <res name="PerformOCRFeature1Description">Upload your image, choose the language and click on “Perform OCR” button. You will get the text as soon as the OCR is performed</res>
  <res name="PerformOCRFeature2">Perform OCR from Anywhere</res>
  <res name="PerformOCRFeature3">Perform OCR Quality</res>
  <res name="Language">Language</res>
  <res name="SupportedImageandLanguage">Supported {0}:</res>
  <res name="UploadImage">Upload</res>
  <res name="aPerformAnotherOCR">Perform another OCR</res>
  <res name="PerformOCRSuccessMessage">OCR performed successfully</res>
  <res name="wordsSaveAsOptions">Doc,Dot,Docx,Docm,Dotx,Dotm,Rtf,Odt,tiff</res>
  <res name="cellsSaveAsOptions">CSV,Tiff,Xlsb,Xlsm,Xlsx,Xltm,Xltx,pdf,xls,ods</res>
  <res name="pdfSaveAsOptions">Pdf,Doc,Docx,PPTX,Tex,XLS,XLSX,EPUB</res>
  <res name="imagingSaveAsOptions">gif,jpeg,png,pdf,psd,bmp,tiff,emf</res>
  <res name="AddAnnotationText">Annotation</res>
  <res name="AddInvisibleAnnotationText">Invisible Annotation</res>
  <res name="AddLnkAnnotationText">Lnk Annotation</res>
  <res name="AddWatermarkAnnotationText">Watermak Annotation</res>
  <res name="AnnotationType">Annotation Type</res>

  <res name="WordsViewer">Document</res>
  <res name="CellsViewer">Spreadsheet</res>
  <res name="PdfViewer">PDF</res>
  <res name="SlidesViewer">PowerPoint</res>
  <res name="EmailViewer">Email</res>
  <res name="TasksViewer">Project</res>
  <res name="DiagramViewer">Visio</res>
  <res name="NoteViewer">OneNote</res>
  <res name="3DViewer">3D</res>
  <res name="CadViewer">AutoCAD</res>
  <res name="HtmlViewer">HTML</res>
  <res name="EpsViewer">PostScript</res>
  <res name="PsdViewer">Photoshop</res>
  <res name="SupportedDocumentsViewer">Supported formats：{0}</res>
  <res name="ViewerProductFeature3">View your files instantly without installing anything</res>
  <res name="ViewerProductFeature4">Fast and easy to use</res>
	<res name="WatermarkPickColor">Pick Color</res>
	<res name="ConversionFeatureDescription">Convert your Word, PDF and Excel documents from anywhere</res>
<res name="FromGoogleDrive">google</res>
<res name="FromDropbox">dropbox</res>
	<res name="SelectFromGoogleDrive">From Google Drive</res>
	<res name="SelectFromDropBox">From DropBox</res>
	<res name="FileSaveSuccessfully">File {0} saved successfully.</res>
<res name="aSaveToGoogleDrive">Save to Google Drive</res>
<res name="aSaveToDropBox">Save to DropBox</res>
  <res name="AsposeZip">Aspose.ZIP</res>
  <res name="ZipPageMainTitle">Free Online ZIP Apps</res>
  <res name="ZipPageSubHeading">Compress, decompress your documents online from anywhere</res>
  <res name="ZipPageDesc">Compress, decompress documents using free online App</res>
<res name="Compressh4">Zip files</res>
	<res name="CompressingFilesPageTitle">Zip Files Online</res>
	<res name="CompressingFilesPageSubTitle">Upload multiple files and compress into a single archive in ZIP format</res>
	<res name="CompressFileURL">zip-file</res>
	<res name="CompressFeature1Description">Upload your files and click on “Compress” button. You will get the download link as soon as the files are compressed.</res>
	<res name="FilesCompressSuccessMessage">Your files are compressed successfully</res>
	<res name="CompressAnotherFile">Compress other files</res>
	<res name="btnCompress">ZIP Files</res>
	<res name="CompressFeature2">{0} your files from Anywhere</res>
	<res name="CompressFeature3">Compression Quality</res>
	<res name="CompressFileTypes">All file types</res>
	<res name="DropUploadFiles">Drop or upload your files</res>

	<res name="DecompressingFilesPageTitle">Unzip File</res>
	<res name="DecompressingFilesPageSubTitle">Upload your archive file in ZIP format and download its contents</res>
	<res name="DecompressFileURL">unzip-file</res>
	<res name="DecompressFeature1Description">Upload your file and click on “Decompress” button. You will get the list of files to download as soon as the file is decompressed.</res>
	<res name="FilesDecompressSuccessMessage">Your file is decompressed successfully</res>
	<res name="DecompressAnotherFile">Decompress other file</res>
	<res name="btnDecompress">Unzip Files</res>	
	<res name="DecompressFeature3">Decompression Quality</res>
	<res name="Decompressh4">Unzip files</res>
	<res name="zipValidationExpression">.zip</res>
	<res name="ShowFilestoDownload">Show Files</res>
	<res name="SelectDownloadFile">Select any file to download</res>
	 <res name="EncryptionTypes">Encryption Type</res>
<res name="TraditionalEncryptionType">Traditional</res>
<res name="AES128EncryptionType">AES128</res>
<res name="AES192EncryptionType">AES192</res>
<res name="AES256EncryptionType">AES256</res>
	<res name="AESEncryptionType">AES</res>
	<res name="PasswordProtectedArchive">Set Password</res>
	<res name="psdToimageSaveAsExtensions">JPG, PNG, BMP, TIFF</res>
	
</resources>

